frame,t_sec,has_obs,n_joints,bodyHeight,head_p,head_x,head_y,head_z,cSho_p,cSho_x,cSho_y,cSho_z,lSho_p,lSho_x,lSho_y,lSho_z,rSho_p,rSho_x,rSho_y,rSho_z,lElb_p,lElb_x,lElb_y,lElb_z,rElb_p,rElb_x,rElb_y,rElb_z,lWri_p,lWri_x,lWri_y,lWri_z,rWri_p,rWri_x,rWri_y,rWri_z,lHip_p,lHip_x,lHip_y,lHip_z,rHip_p,rHip_x,rHip_y,rHip_z,root_p,root_x,root_y,root_z
0,0.000,1,11,1.8000,1,-0.0860,0.6679,0.0412,1,-0.0651,0.5498,0.0232,1,0.1035,0.5100,0.0244,1,-0.2307,0.5179,0.0626,1,0.3907,0.3828,-0.0147,1,-0.4533,0.3378,0.1974,1,0.4923,0.4610,0.1970,1,-0.4364,0.2811,0.4378,1,0.1565,-0.0000,-0.0000,1,-0.1565,0.0000,0.0000,1,0.0000,0.0000,0.0000
3,0.125,1,11,1.8000,1,-0.1380,0.6543,0.0739,1,-0.1110,0.5399,0.0439,1,0.0603,0.5147,0.0462,1,-0.2790,0.5108,0.0745,1,0.3558,0.4038,0.0221,1,-0.4950,0.3053,0.1810,1,0.4328,0.5124,0.2308,1,-0.4763,0.2495,0.4214,1,0.1565,0.0000,0.0000,1,-0.1565,-0.0000,-0.0000,1,0.0000,0.0000,0.0000
6,0.250,1,11,1.8000,1,-0.1189,0.6611,0.0573,1,-0.0971,0.5442,0.0331,1,0.0739,0.5172,0.0374,1,-0.2664,0.5189,0.0597,1,0.3682,0.4013,0.0250,1,-0.4863,0.3164,0.1636,1,0.4509,0.5090,0.2318,1,-0.4706,0.2550,0.4028,1,0.1565,0.0000,0.0000,1,-0.1565,-0.0000,-0.0000,1,0.0000,0.0000,0.0000
9,0.375,1,11,1.8000,1,-0.0771,0.6629,0.0816,1,-0.0642,0.5467,0.0495,1,0.1066,0.5192,0.0578,1,-0.2349,0.5271,0.0716,1,0.3925,0.3835,0.0559,1,-0.4618,0.3237,0.1572,1,0.4681,0.4646,0.2771,1,-0.4478,0.2460,0.3918,1,0.1565,-0.0000,0.0000,1,-0.1565,0.0000,-0.0000,1,0.0000,0.0000,0.0000
12,0.501,1,11,1.8000,1,-0.0361,0.6426,0.1559,1,-0.0347,0.5364,0.0972,1,0.1381,0.5254,0.0962,1,-0.2055,0.5218,0.1219,1,0.4328,0.4240,0.0409,1,-0.4520,0.3287,0.1679,1,0.5031,0.4731,0.2731,1,-0.4454,0.2331,0.3961,1,0.1565,0.0000,0.0000,1,-0.1565,0.0000,-0.0000,1,0.0000,0.0000,0.0000
15,0.626,1,11,1.8000,1,-0.0253,0.6338,0.1757,1,-0.0274,0.5317,0.1101,1,0.1453,0.5178,0.1103,1,-0.1982,0.5164,0.1341,1,0.4362,0.4033,0.0612,1,-0.4415,0.3183,0.1758,1,0.4861,0.4230,0.3028,1,-0.4321,0.2185,0.4021,1,0.1565,0.0000,0.0000,1,-0.1565,-0.0000,-0.0000,1,0.0000,0.0000,0.0000
18,0.751,1,11,1.8000,1,0.1522,0.5699,0.2393,1,0.1132,0.4983,0.1496,1,0.2837,0.4683,0.1536,1,-0.0580,0.4894,0.1748,1,0.4985,0.2373,0.1280,1,-0.3228,0.3160,0.1775,1,0.5531,0.1306,0.3445,1,-0.2933,0.1672,0.3730,1,0.1565,0.0000,-0.0000,1,-0.1565,-0.0000,0.0000,1,0.0000,0.0000,0.0000
21,0.876,1,11,1.8000,1,0.0708,0.6113,0.2087,1,0.0520,0.5198,0.1313,1,0.2240,0.5150,0.1518,1,-0.1115,0.4713,0.1614,1,0.4743,0.3232,0.1788,1,-0.2936,0.2261,0.2443,1,0.4933,0.2239,0.4047,1,-0.1846,0.0920,0.4214,1,0.1565,-0.0000,0.0000,1,-0.1565,0.0000,-0.0000,1,0.0000,0.0000,0.0000
24,1.001,1,11,1.8000,1,0.0148,0.6094,0.2167,1,-0.0005,0.5195,0.1367,1,0.1710,0.5212,0.1609,1,-0.1642,0.4708,0.1656,1,0.4320,0.3503,0.2141,1,-0.3463,0.2261,0.2503,1,0.4252,0.2905,0.4541,1,-0.2534,0.1346,0.4607,1,0.1565,-0.0000,-0.0000,1,-0.1565,0.0000,0.0000,1,0.0000,0.0000,0.0000
27,1.126,1,11,1.8000,1,0.0242,0.6041,0.2232,1,0.0053,0.5171,0.1408,1,0.1771,0.5208,0.1629,1,-0.1591,0.4713,0.1702,1,0.4430,0.3554,0.2091,1,-0.3467,0.2273,0.2439,1,0.4067,0.3127,0.4502,1,-0.2635,0.1498,0.4638,1,0.1565,-0.0000,-0.0000,1,-0.1565,0.0000,0.0000,1,0.0000,0.0000,0.0000
30,1.251,1,11,1.8000,1,0.0387,0.6105,0.2127,1,0.0164,0.5204,0.1346,1,0.1877,0.5246,0.1599,1,-0.1478,0.4741,0.1642,1,0.4438,0.3576,0.2419,1,-0.3300,0.2265,0.2394,1,0.3967,0.3286,0.4832,1,-0.2632,0.1573,0.4674,1,0.1565,0.0000,0.0000,1,-0.1565,-0.0000,-0.0000,1,0.0000,0.0000,0.0000
33,1.376,1,11,1.8000,1,0.0272,0.6083,0.2168,1,0.0056,0.5188,0.1378,1,0.1766,0.5236,0.1650,1,-0.1582,0.4712,0.1674,1,0.4359,0.3612,0.2462,1,-0.3437,0.2268,0.2453,1,0.4053,0.3271,0.4894,1,-0.2708,0.1527,0.4699,1,0.1565,0.0000,0.0000,1,-0.1565,-0.0000,-0.0000,1,0.0000,0.0000,0.0000
36,1.501,1,11,1.8000,1,0.0234,0.6075,0.2184,1,0.0037,0.5185,0.1384,1,0.1750,0.5229,0.1637,1,-0.1591,0.4681,0.1697,1,0.4363,0.3580,0.2322,1,-0.3315,0.2195,0.2626,1,0.4304,0.2838,0.4683,1,-0.2297,0.1263,0.4680,1,0.1565,-0.0000,-0.0000,1,-0.1565,0.0000,0.0000,1,0.0000,0.0000,0.0000
39,1.627,1,11,1.8000,1,0.0623,0.6065,0.2179,1,0.0437,0.5167,0.1385,1,0.2156,0.5139,0.1597,1,-0.1193,0.4626,0.1606,1,0.4886,0.3588,0.1993,1,-0.3023,0.2172,0.2412,1,0.4974,0.2532,0.4230,1,-0.1664,0.0890,0.4035,1,0.1565,0.0000,-0.0000,1,-0.1565,-0.0000,0.0000,1,0.0000,0.0000,0.0000
42,1.752,1,11,1.8000,1,0.2276,0.5795,0.1964,1,0.1840,0.4934,0.1230,1,0.3491,0.4438,0.1403,1,0.0124,0.4913,0.1466,1,0.5713,0.2294,0.2098,1,-0.2728,0.3583,0.1803,1,0.5591,0.2532,0.4558,1,-0.2667,0.3912,0.4255,1,0.1565,-0.0000,0.0000,1,-0.1565,-0.0000,0.0000,1,0.0000,0.0000,0.0000
45,1.877,1,11,1.8000,1,0.2449,0.5728,0.1957,1,0.1978,0.4883,0.1225,1,0.3630,0.4383,0.1367,1,0.0265,0.4908,0.1481,1,0.5977,0.2343,0.1958,1,-0.2630,0.3681,0.1847,1,0.6054,0.2417,0.4430,1,-0.2574,0.3754,0.4321,1,0.1565,-0.0000,0.0000,1,-0.1565,-0.0000,0.0000,1,0.0000,0.0000,0.0000
48,2.002,1,11,1.8000,1,0.2698,0.5556,0.2041,1,0.2190,0.4764,0.1276,1,0.3851,0.4281,0.1364,1,0.0476,0.4792,0.1525,1,0.6296,0.2308,0.1750,1,-0.2478,0.3671,0.1703,1,0.6698,0.2011,0.4174,1,-0.2370,0.3228,0.4136,1,0.1565,0.0000,0.0000,1,-0.1565,-0.0000,-0.0000,1,0.0000,0.0000,0.0000
51,2.127,1,11,1.8000,1,-0.0303,0.6731,-0.0098,1,-0.0133,0.5530,-0.0107,1,0.1579,0.5278,-0.0029,1,-0.1837,0.5382,0.0163,1,0.4604,0.4382,-0.0283,1,-0.4257,0.3773,0.1418,1,0.6244,0.5837,0.0866,1,-0.3655,0.3870,0.3817,1,0.1565,-0.0000,-0.0000,1,-0.1565,-0.0000,-0.0000,1,0.0000,0.0000,0.0000
54,2.252,1,11,1.8000,1,-0.0749,0.6714,-0.0082,1,-0.0573,0.5514,-0.0101,1,0.1140,0.5259,-0.0057,1,-0.2273,0.5287,0.0140,1,0.4214,0.4531,-0.0250,1,-0.4503,0.3338,0.1256,1,0.5729,0.5811,0.1231,1,-0.3686,0.3042,0.3574,1,0.1565,0.0000,0.0000,1,-0.1565,-0.0000,-0.0000,1,0.0000,0.0000,0.0000
57,2.377,1,11,1.8000,1,-0.0864,0.6702,0.0084,1,-0.0695,0.5504,-0.0003,1,0.1017,0.5243,0.0013,1,-0.2389,0.5231,0.0232,1,0.4091,0.4516,-0.0189,1,-0.4590,0.3165,0.1184,1,0.5548,0.5719,0.1409,1,-0.3875,0.2780,0.3522,1,0.1565,0.0000,0.0000,1,-0.1565,-0.0000,-0.0000,1,0.0000,0.0000,0.0000
60,2.502,1,11,1.8000,1,-0.1000,0.6681,0.0150,1,-0.0816,0.5487,0.0038,1,0.0897,0.5227,0.0051,1,-0.2505,0.5178,0.0261,1,0.3985,0.4558,-0.0129,1,-0.4710,0.3064,0.1091,1,0.5415,0.5752,0.1500,1,-0.4196,0.2561,0.3459,1,0.1565,-0.0000,0.0000,1,-0.1565,-0.0000,-0.0000,1,0.0000,0.0000,0.0000
63,2.628,1,11,1.8000,1,-0.0828,0.6705,0.0100,1,-0.0664,0.5508,-0.0003,1,0.1055,0.5291,-0.0028,1,-0.2357,0.5211,0.0204,1,0.4142,0.4721,-0.0429,1,-0.4642,0.3119,0.0857,1,0.5700,0.6063,0.0949,1,-0.4432,0.2455,0.3232,1,0.1565,-0.0000,0.0000,1,-0.1565,-0.0000,-0.0000,1,0.0000,0.0000,0.0000
66,2.753,1,11,1.8000,1,-0.0664,0.6720,0.0090,1,-0.0505,0.5522,-0.0013,1,0.1219,0.5371,-0.0079,1,-0.2197,0.5235,0.0217,1,0.4283,0.4900,-0.0720,1,-0.4557,0.3230,0.0874,1,0.5976,0.6379,0.0315,1,-0.4296,0.2735,0.3285,1,0.1565,0.0000,0.0000,1,-0.1565,-0.0000,-0.0000,1,0.0000,0.0000,0.0000
69,2.878,1,11,1.8000,1,-0.0619,0.6724,0.0135,1,-0.0481,0.5525,0.0005,1,0.1244,0.5396,-0.0079,1,-0.2179,0.5235,0.0190,1,0.4308,0.4983,-0.0753,1,-0.4591,0.3218,0.0558,1,0.5967,0.6510,0.0269,1,-0.4289,0.2570,0.2927,1,0.1565,-0.0000,0.0000,1,-0.1565,-0.0000,-0.0000,1,0.0000,0.0000,0.0000
72,3.003,1,11,1.8000,1,-0.0395,0.6729,-0.0254,1,-0.0235,0.5527,-0.0228,1,0.1489,0.5373,-0.0288,1,-0.1934,0.5261,-0.0016,1,0.4527,0.5104,-0.1132,1,-0.4340,0.3294,0.0582,1,0.6613,0.6226,-0.0414,1,-0.4132,0.2741,0.2985,1,0.1565,-0.0000,-0.0000,1,-0.1565,0.0000,-0.0000,1,0.0000,0.0000,0.0000
75,3.128,1,11,1.8000,1,0.3218,0.5598,0.1481,1,0.2713,0.4666,0.0892,1,0.4368,0.4169,0.1018,1,0.0995,0.4782,0.1081,1,0.7189,0.2802,0.1452,1,-0.2034,0.3876,0.0942,1,0.7892,0.2327,0.3777,1,-0.2915,0.3097,0.3120,1,0.1565,-0.0000,0.0000,1,-0.1565,-0.0000,0.0000,1,0.0000,0.0000,0.0000
78,3.253,1,11,1.8000,1,0.0693,0.6611,-0.0585,1,0.0814,0.5415,-0.0423,1,0.2546,0.5394,-0.0423,1,-0.0875,0.5269,-0.0072,1,0.5536,0.4937,-0.1356,1,-0.3403,0.3819,0.1163,1,0.7858,0.5788,-0.1444,1,-0.3644,0.3733,0.3625,1,0.1565,0.0000,-0.0000,1,-0.1565,-0.0000,-0.0000,1,0.0000,0.0000,0.0000
81,3.378,1,11,1.8000,1,0.0572,0.6688,-0.0120,1,0.0653,0.5478,-0.0147,1,0.2384,0.5505,-0.0220,1,-0.1052,0.5296,0.0094,1,0.5355,0.5246,-0.1279,1,-0.3777,0.3814,0.0724,1,0.7382,0.6660,-0.1424,1,-0.4322,0.4181,0.3110,1,0.1565,0.0000,-0.0000,1,-0.1565,-0.0000,0.0000,1,0.0000,0.0000,0.0000
84,3.504,1,11,1.8000,1,0.0531,0.6221,0.1958,1,0.0471,0.5219,0.1278,1,0.2200,0.5232,0.1379,1,-0.1220,0.4935,0.1525,1,0.5222,0.4474,0.0821,1,-0.2768,0.2449,0.2725,1,0.6589,0.2666,0.1816,1,-0.1508,0.0552,0.3695,1,0.1565,-0.0000,-0.0000,1,-0.1565,0.0000,0.0000,1,0.0000,0.0000,0.0000
87,3.629,1,11,1.8000,1,-0.0342,0.5779,0.2575,1,-0.0357,0.5016,0.1633,1,0.1368,0.4999,0.1788,1,-0.2070,0.4758,0.1615,1,0.4320,0.3871,0.1956,1,-0.4152,0.2387,0.1859,1,0.5146,0.1620,0.2568,1,-0.3011,0.0254,0.2381,1,0.1565,0.0000,-0.0000,1,-0.1565,-0.0000,0.0000,1,0.0000,0.0000,0.0000
90,3.754,0,0,0,0,0,0,0,0,0,0,0,0,0,0,0,0,0,0,0,0,0,0,0,0,0,0,0,0,0,0,0,0,0,0,0,0,0,0,0,0,0,0,0,0,0,0,0
93,3.879,1,11,1.8000,1,-0.1009,0.5760,0.2502,1,-0.0973,0.4967,0.1586,1,0.0743,0.4940,0.1822,1,-0.2674,0.4654,0.1683,1,0.3513,0.3558,0.2481,1,-0.4652,0.2283,0.2375,1,0.3931,0.2487,0.4673,1,-0.3548,0.1087,0.4240,1,0.1565,0.0000,-0.0000,1,-0.1565,-0.0000,0.0000,1,0.0000,0.0000,0.0000
96,4.004,1,11,1.8000,1,-0.0400,0.6353,0.1685,1,-0.0301,0.5356,0.1001,1,0.1386,0.5351,0.1393,1,-0.1997,0.5015,0.0903,1,0.3721,0.4160,0.3166,1,-0.4305,0.3096,0.1908,1,0.2646,0.5013,0.5225,1,-0.3732,0.3537,0.4275,1,0.1565,-0.0000,-0.0000,1,-0.1565,0.0000,0.0000,1,0.0000,0.0000,0.0000
99,4.129,1,11,1.8000,1,-0.0501,0.6438,0.1477,1,-0.0380,0.5399,0.0862,1,0.1313,0.5430,0.1229,1,-0.2058,0.4974,0.0803,1,0.3772,0.4378,0.2920,1,-0.4155,0.2914,0.1974,1,0.2459,0.5598,0.4627,1,-0.3507,0.3712,0.4226,1,0.1565,0.0000,0.0000,1,-0.1565,-0.0000,-0.0000,1,0.0000,0.0000,0.0000
102,4.254,1,11,1.8000,1,-0.0360,0.6623,0.0938,1,-0.0250,0.5494,0.0507,1,0.1425,0.5719,0.0886,1,-0.1912,0.5014,0.0436,1,0.4173,0.4564,0.1950,1,-0.4108,0.3057,0.1605,1,0.3464,0.6105,0.3752,1,-0.3898,0.4429,0.3654,1,0.1565,-0.0000,0.0000,1,-0.1565,-0.0000,0.0000,1,0.0000,0.0000,0.0000
105,4.379,0,0,0,0,0,0,0,0,0,0,0,0,0,0,0,0,0,0,0,0,0,0,0,0,0,0,0,0,0,0,0,0,0,0,0,0,0,0,0,0,0,0,0,0,0,0,0
108,4.504,1,11,1.8000,1,-0.0552,0.6576,0.1059,1,-0.0405,0.5470,0.0583,1,0.1256,0.5777,0.0967,1,-0.2048,0.4926,0.0521,1,0.3854,0.4636,0.2368,1,-0.3989,0.2681,0.1620,1,0.3132,0.5984,0.4314,1,-0.3895,0.3987,0.3721,1,0.1565,-0.0000,0.0000,1,-0.1565,0.0000,-0.0000,1,0.0000,0.0000,0.0000
111,4.630,1,11,1.8000,1,-0.0640,0.6553,0.1108,1,-0.0486,0.5457,0.0613,1,0.1179,0.5759,0.0983,1,-0.2130,0.4914,0.0553,1,0.3912,0.4692,0.2169,1,-0.4035,0.2676,0.1727,1,0.3270,0.6076,0.4118,1,-0.3857,0.3948,0.3843,1,0.1565,0.0000,0.0000,1,-0.1565,-0.0000,-0.0000,1,0.0000,0.0000,0.0000
114,4.755,1,11,1.8000,1,-0.0293,0.6627,0.0937,1,-0.0190,0.5497,0.0507,1,0.1496,0.5663,0.0868,1,-0.1857,0.5035,0.0419,1,0.4298,0.4572,0.1857,1,-0.4034,0.3042,0.1560,1,0.3751,0.6125,0.3705,1,-0.3768,0.4429,0.3593,1,0.1565,-0.0000,-0.0000,1,-0.1565,0.0000,0.0000,1,0.0000,0.0000,0.0000
117,4.880,1,11,1.8000,1,0.0028,0.6685,0.0646,1,0.0059,0.5536,0.0260,1,0.1780,0.5505,0.0450,1,-0.1664,0.5362,0.0304,1,0.4604,0.4521,0.1488,1,-0.3890,0.3724,0.1846,1,0.4411,0.6475,0.2995,1,-0.2975,0.5236,0.3578,1,0.1565,0.0000,-0.0000,1,-0.1565,-0.0000,0.0000,1,0.0000,0.0000,0.0000
120,5.005,1,11,1.8000,1,-0.0781,0.6494,0.1253,1,-0.0604,0.5422,0.0714,1,0.1086,0.5566,0.1063,1,-0.2299,0.5063,0.0721,1,0.3662,0.5147,0.2852,1,-0.4423,0.3353,0.2327,1,0.2166,0.6380,0.4390,1,-0.3546,0.4448,0.4365,1,0.1565,0.0000,-0.0000,1,-0.1565,-0.0000,0.0000,1,0.0000,0.0000,0.0000
123,5.130,1,11,1.8000,1,-0.0537,0.6304,0.1769,1,-0.0438,0.5323,0.1062,1,0.1253,0.5368,0.1434,1,-0.2151,0.5076,0.1009,1,0.3796,0.4561,0.3136,1,-0.4578,0.3401,0.2159,1,0.3123,0.4938,0.5488,1,-0.3629,0.3893,0.4391,1,0.1565,0.0000,0.0000,1,-0.1565,-0.0000,-0.0000,1,0.0000,0.0000,0.0000
126,5.255,1,11,1.8000,1,-0.0599,0.5980,0.2293,1,-0.0527,0.5133,0.1427,1,0.1176,0.5088,0.1735,1,-0.2250,0.4962,0.1375,1,0.3907,0.3963,0.2874,1,-0.4762,0.3176,0.2096,1,0.4028,0.3088,0.5186,1,-0.3684,0.2873,0.4303,1,0.1565,-0.0000,-0.0000,1,-0.1565,0.0000,0.0000,1,0.0000,0.0000,0.0000
129,5.380,1,11,1.8000,1,-0.0834,0.5754,0.2542,1,-0.0819,0.4976,0.1610,1,0.0893,0.5115,0.1833,1,-0.2540,0.4864,0.1766,1,0.4048,0.5008,0.2053,1,-0.4729,0.2722,0.2567,1,0.5110,0.3601,0.3791,1,-0.3377,0.1557,0.4281,1,0.1565,0.0000,-0.0000,1,-0.1565,-0.0000,0.0000,1,0.0000,0.0000,0.0000
132,5.505,0,0,0,0,0,0,0,0,0,0,0,0,0,0,0,0,0,0,0,0,0,0,0,0,0,0,0,0,0,0,0,0,0,0,0,0,0,0,0,0,0,0,0,0,0,0,0
135,5.631,1,11,1.8000,1,-0.0344,0.5806,0.2543,1,-0.0377,0.5029,0.1612,1,0.1350,0.5094,0.1721,1,-0.2102,0.4927,0.1724,1,0.4461,0.5077,0.1137,1,-0.4412,0.2835,0.2273,1,0.5613,0.2888,0.1222,1,-0.3424,0.0778,0.3232,1,0.1565,-0.0000,-0.0000,1,-0.1565,0.0000,0.0000,1,0.0000,0.0000,0.0000
138,5.756,0,0,0,0,0,0,0,0,0,0,0,0,0,0,0,0,0,0,0,0,0,0,0,0,0,0,0,0,0,0,0,0,0,0,0,0,0,0,0,0,0,0,0,0,0,0,0
141,5.881,1,11,1.8000,1,-0.0286,0.5747,0.2601,1,-0.0320,0.5018,0.1632,1,0.1403,0.5116,0.1779,1,-0.2049,0.4970,0.1727,1,0.4534,0.5441,0.1459,1,-0.4532,0.3051,0.2140,1,0.5895,0.3422,0.1904,1,-0.3859,0.1086,0.3487,1,0.1565,0.0000,-0.0000,1,-0.1565,-0.0000,0.0000,1,0.0000,0.0000,0.0000
144,6.006,1,11,1.8000,1,-0.0964,0.5676,0.2594,1,-0.0908,0.4955,0.1620,1,0.0800,0.5084,0.1871,1,-0.2637,0.4916,0.1726,1,0.3924,0.5335,0.2315,1,-0.5103,0.3027,0.2333,1,0.5319,0.3939,0.3808,1,-0.4414,0.1493,0.4148,1,0.1565,-0.0000,-0.0000,1,-0.1565,0.0000,0.0000,1,0.0000,0.0000,0.0000
147,6.131,1,11,1.8000,1,-0.0451,0.5716,0.2617,1,-0.0474,0.5002,0.1636,1,0.1244,0.5098,0.1835,1,-0.2203,0.4947,0.1725,1,0.4390,0.5281,0.2131,1,-0.4702,0.3062,0.2192,1,0.5620,0.3648,0.3526,1,-0.3912,0.1387,0.3833,1,0.1565,-0.0000,-0.0000,1,-0.1565,0.0000,0.0000,1,0.0000,0.0000,0.0000
150,6.256,1,11,1.8000,1,-0.0639,0.5697,0.2620,1,-0.0634,0.4982,0.1640,1,0.1081,0.5060,0.1868,1,-0.2362,0.4900,0.1729,1,0.4182,0.4848,0.2463,1,-0.4742,0.2883,0.2267,1,0.5150,0.3543,0.4330,1,-0.3916,0.1447,0.4105,1,0.1565,0.0000,-0.0000,1,-0.1565,-0.0000,0.0000,1,0.0000,0.0000,0.0000
153,6.381,1,11,1.8000,1,-0.0604,0.5805,0.2511,1,-0.0617,0.5022,0.1586,1,0.1091,0.5140,0.1844,1,-0.2342,0.4964,0.1739,1,0.4171,0.5144,0.2572,1,-0.4629,0.2997,0.2697,1,0.5063,0.4394,0.4755,1,-0.3760,0.2108,0.4837,1,0.1565,0.0000,-0.0000,1,-0.1565,-0.0000,0.0000,1,0.0000,0.0000,0.0000
156,6.507,1,11,1.8000,1,-0.0441,0.6025,0.2235,1,-0.0377,0.5182,0.1365,1,0.1326,0.5164,0.1679,1,-0.2107,0.5162,0.1276,1,0.4019,0.4557,0.3226,1,-0.4981,0.4030,0.1965,1,0.3675,0.4571,0.5677,1,-0.4345,0.4058,0.4357,1,0.1565,-0.0000,0.0000,1,-0.1565,0.0000,-0.0000,1,0.0000,0.0000,0.0000
159,6.632,0,0,0,0,0,0,0,0,0,0,0,0,0,0,0,0,0,0,0,0,0,0,0,0,0,0,0,0,0,0,0,0,0,0,0,0,0,0,0,0,0,0,0,0,0,0,0
162,6.757,1,11,1.8000,1,-0.0452,0.5943,0.2357,1,-0.0435,0.5119,0.1468,1,0.1267,0.5229,0.1772,1,-0.2154,0.5028,0.1655,1,0.4054,0.4656,0.3158,1,-0.4326,0.3222,0.3082,1,0.3982,0.5281,0.5552,1,-0.3597,0.3368,0.5443,1,0.1565,-0.0000,0.0000,1,-0.1565,0.0000,-0.0000,1,0.0000,0.0000,0.0000
165,6.882,1,11,1.8000,1,-0.0383,0.6015,0.2258,1,-0.0328,0.5175,0.1385,1,0.1371,0.5272,0.1706,1,-0.2045,0.4999,0.1531,1,0.3942,0.4208,0.3214,1,-0.3988,0.2917,0.2912,1,0.3607,0.5128,0.5488,1,-0.3371,0.3141,0.5298,1,0.1565,-0.0000,0.0000,1,-0.1565,0.0000,-0.0000,1,0.0000,0.0000,0.0000
168,7.007,1,11,1.8000,1,0.0366,0.6636,0.0818,1,0.0364,0.5513,0.0359,1,0.2079,0.5437,0.0589,1,-0.1364,0.5393,0.0332,1,0.4683,0.4695,0.2228,1,-0.3756,0.3811,0.1671,1,0.4300,0.6497,0.3880,1,-0.3086,0.5268,0.3556,1,0.1565,0.0000,-0.0000,1,-0.1565,-0.0000,0.0000,1,0.0000,0.0000,0.0000
171,7.132,1,11,1.8000,1,0.0176,0.6608,0.0963,1,0.0206,0.5507,0.0457,1,0.1922,0.5441,0.0681,1,-0.1512,0.5311,0.0365,1,0.4703,0.4406,0.1782,1,-0.3803,0.3361,0.1350,1,0.4420,0.6083,0.3581,1,-0.3222,0.4720,0.3335,1,0.1565,0.0000,-0.0000,1,-0.1565,-0.0000,0.0000,1,0.0000,0.0000,0.0000
174,7.257,0,0,0,0,0,0,0,0,0,0,0,0,0,0,0,0,0,0,0,0,0,0,0,0,0,0,0,0,0,0,0,0,0,0,0,0,0,0,0,0,0,0,0,0,0,0,0
177,7.382,1,11,1.8000,1,0.0100,0.6689,0.0631,1,0.0085,0.5535,0.0258,1,0.1796,0.5592,0.0515,1,-0.1639,0.5362,0.0280,1,0.4472,0.4448,0.1759,1,-0.3710,0.3209,0.1326,1,0.4357,0.5917,0.3748,1,-0.2865,0.4177,0.3441,1,0.1565,-0.0000,0.0000,1,-0.1565,0.0000,-0.0000,1,0.0000,0.0000,0.0000
180,7.507,1,11,1.8000,1,0.0068,0.6700,0.0577,1,0.0044,0.5538,0.0230,1,0.1752,0.5625,0.0503,1,-0.1683,0.5401,0.0210,1,0.4496,0.4530,0.1637,1,-0.3851,0.3243,0.1024,1,0.4320,0.6154,0.3497,1,-0.3147,0.4275,0.3161,1,0.1565,0.0000,0.0000,1,-0.1565,0.0000,-0.0000,1,0.0000,0.0000,0.0000
183,7.633,1,11,1.8000,1,0.0205,0.6709,0.0490,1,0.0149,0.5541,0.0169,1,0.1857,0.5500,0.0456,1,-0.1576,0.5409,0.0088,1,0.4327,0.3960,0.1697,1,-0.3751,0.3162,0.0575,1,0.4551,0.5181,0.3839,1,-0.3186,0.4004,0.2833,1,0.1565,0.0000,-0.0000,1,-0.1565,-0.0000,0.0000,1,0.0000,0.0000,0.0000
186,7.758,1,11,1.8000,1,0.0107,0.6713,0.0473,1,0.0064,0.5543,0.0156,1,0.1772,0.5540,0.0443,1,-0.1660,0.5380,0.0126,1,0.4248,0.4129,0.1821,1,-0.3724,0.3113,0.0913,1,0.4384,0.5422,0.3927,1,-0.2926,0.3982,0.3089,1,0.1565,0.0000,-0.0000,1,-0.1565,-0.0000,0.0000,1,0.0000,0.0000,0.0000
189,7.883,1,11,1.8000,1,0.0308,0.6701,0.0515,1,0.0239,0.5537,0.0179,1,0.1947,0.5514,0.0468,1,-0.1487,0.5402,0.0176,1,0.4420,0.4255,0.1991,1,-0.3696,0.3355,0.1150,1,0.4448,0.5663,0.4027,1,-0.2704,0.4385,0.3170,1,0.1565,0.0000,-0.0000,1,-0.1565,-0.0000,0.0000,1,0.0000,0.0000,0.0000
192,8.008,1,11,1.8000,1,0.0154,0.6693,0.0585,1,0.0133,0.5537,0.0218,1,0.1846,0.5408,0.0434,1,-0.1595,0.5418,0.0190,1,0.4562,0.4298,0.1619,1,-0.3891,0.3531,0.1279,1,0.4770,0.5686,0.3658,1,-0.2888,0.4832,0.3130,1,0.1565,-0.0000,-0.0000,1,-0.1565,0.0000,0.0000,1,0.0000,0.0000,0.0000
195,8.133,1,11,1.8000,1,0.0195,0.6667,0.0706,1,0.0177,0.5529,0.0287,1,0.1902,0.5492,0.0436,1,-0.1553,0.5470,0.0348,1,0.4776,0.4732,0.1521,1,-0.3865,0.3777,0.1694,1,0.4858,0.6407,0.3341,1,-0.2862,0.5270,0.3394,1,0.1565,0.0000,-0.0000,1,-0.1565,-0.0000,0.0000,1,0.0000,0.0000,0.0000
198,8.258,1,11,1.8000,1,0.0338,0.6671,0.0657,1,0.0313,0.5527,0.0255,1,0.2034,0.5546,0.0447,1,-0.1418,0.5511,0.0315,1,0.4793,0.5148,0.1946,1,-0.3887,0.4241,0.1835,1,0.4825,0.6994,0.3595,1,-0.3134,0.5888,0.3521,1,0.1565,-0.0000,0.0000,1,-0.1565,0.0000,-0.0000,1,0.0000,0.0000,0.0000
201,8.383,1,11,1.8000,1,-0.0184,0.6056,0.2216,1,-0.0168,0.5196,0.1360,1,0.1525,0.5348,0.1697,1,-0.1877,0.5187,0.1638,1,0.4171,0.4749,0.3326,1,-0.3988,0.3737,0.3498,1,0.4065,0.5753,0.5586,1,-0.3351,0.4238,0.5836,1,0.1565,-0.0000,-0.0000,1,-0.1565,0.0000,0.0000,1,0.0000,0.0000,0.0000
204,8.509,1,11,1.8000,1,-0.0130,0.6079,0.2179,1,-0.0180,0.5209,0.1336,1,0.1512,0.5327,0.1683,1,-0.1870,0.5355,0.1688,1,0.4146,0.4898,0.3385,1,-0.4131,0.4270,0.3618,1,0.4353,0.5803,0.5680,1,-0.3525,0.4547,0.6001,1,0.1565,0.0000,-0.0000,1,-0.1565,-0.0000,0.0000,1,0.0000,0.0000,0.0000
207,8.634,1,11,1.8000,1,-0.0480,0.5932,0.2368,1,-0.0486,0.5106,0.1480,1,0.1211,0.5192,0.1817,1,-0.2192,0.5222,0.1756,1,0.3962,0.4892,0.3353,1,-0.4516,0.3989,0.3515,1,0.4413,0.5397,0.5733,1,-0.3873,0.4010,0.5905,1,0.1565,0.0000,0.0000,1,-0.1565,-0.0000,-0.0000,1,0.0000,0.0000,0.0000
210,8.759,1,11,1.8000,1,-0.0598,0.5846,0.2464,1,-0.0586,0.5053,0.1546,1,0.1117,0.5153,0.1845,1,-0.2298,0.5149,0.1785,1,0.4026,0.5229,0.3091,1,-0.4782,0.3812,0.3220,1,0.4739,0.5227,0.5461,1,-0.4158,0.3413,0.5582,1,0.1565,0.0000,0.0000,1,-0.1565,-0.0000,-0.0000,1,0.0000,0.0000,0.0000
213,8.884,1,11,1.8000,1,-0.0521,0.5817,0.2506,1,-0.0529,0.5042,0.1573,1,0.1173,0.5131,0.1884,1,-0.2240,0.5098,0.1830,1,0.4021,0.4947,0.3251,1,-0.4634,0.3575,0.3234,1,0.4796,0.4473,0.5553,1,-0.4014,0.2772,0.5491,1,0.1565,0.0000,0.0000,1,-0.1565,-0.0000,-0.0000,1,0.0000,0.0000,0.0000
216,9.009,1,11,1.8000,1,-0.0628,0.5799,0.2516,1,-0.0629,0.5022,0.1584,1,0.1070,0.5127,0.1904,1,-0.2339,0.5063,0.1859,1,0.3874,0.5064,0.3371,1,-0.4624,0.3577,0.3467,1,0.4818,0.4724,0.5634,1,-0.3999,0.2731,0.5708,1,0.1565,0.0000,0.0000,1,-0.1565,-0.0000,-0.0000,1,0.0000,0.0000,0.0000
